{
    "playerPos": {
        "x": -113.70851135253906,
        "y": 0.10999977588653565,
        "z": -816.1529541015625
    },
    "lockedState": {
        "keys": [
            "a01b9613-ea9b-46d1-b347-c255558f167a",
            "3ee9f6e9-a49e-4d83-857c-33b27e7656e3"
        ],
        "values": [
            true,
            true
        ]
    }
}