{
    "playerPos": {
        "x": -122.21189880371094,
        "y": 6.105031967163086,
        "z": -814.3106079101563
    },
    "lockedState": {
        "keys": [
            "a01b9613-ea9b-46d1-b347-c255558f167a",
            "3ee9f6e9-a49e-4d83-857c-33b27e7656e3"
        ],
        "values": [
            true,
            true
        ]
    }
}