{
    "playerPos": {
        "x": -92.46866607666016,
        "y": 0.9549944996833801,
        "z": -773.0398559570313
    },
    "lockedState": {
        "keys": [
            "a01b9613-ea9b-46d1-b347-c255558f167a",
            "3ee9f6e9-a49e-4d83-857c-33b27e7656e3"
        ],
        "values": [
            true,
            true
        ]
    }
}