{
    "playerPos": {
        "x": -93.23857116699219,
        "y": 0.10999938100576401,
        "z": -824.6937866210938
    },
    "lockedState": {
        "keys": [
            "a01b9613-ea9b-46d1-b347-c255558f167a",
            "3ee9f6e9-a49e-4d83-857c-33b27e7656e3"
        ],
        "values": [
            false,
            true
        ]
    }
}